{
  "hash": "308738d1",
  "configHash": "5db6f486",
  "lockfileHash": "f26c0149",
  "browserHash": "46492322",
  "optimized": {
    "@angular/core": {
      "src": "../../../../../node_modules/@angular/core/fesm2022/core.mjs",
      "file": "@angular_core.js",
      "fileHash": "4bd9d259",
      "needsInterop": false
    },
    "@angular/forms": {
      "src": "../../../../../node_modules/@angular/forms/fesm2022/forms.mjs",
      "file": "@angular_forms.js",
      "fileHash": "ce48f774",
      "needsInterop": false
    },
    "@angular/platform-browser": {
      "src": "../../../../../node_modules/@angular/platform-browser/fesm2022/platform-browser.mjs",
      "file": "@angular_platform-browser.js",
      "fileHash": "8250a686",
      "needsInterop": false
    },
    "@angular/router": {
      "src": "../../../../../node_modules/@angular/router/fesm2022/router.mjs",
      "file": "@angular_router.js",
      "fileHash": "765d6dab",
      "needsInterop": false
    }
  },
  "chunks": {
    "chunk-GINYBJ5O": {
      "file": "chunk-GINYBJ5O.js"
    },
    "chunk-KRLLZGFH": {
      "file": "chunk-KRLLZGFH.js"
    },
    "chunk-BYZM5OVL": {
      "file": "chunk-BYZM5OVL.js"
    }
  }
}